{"stats":{"minecraft:used":{"minecraft:jungle_leaves":3,"minecraft:spruce_planks":3,"minecraft:shield":1,"minecraft:cooked_chicken":8,"minecraft:rotten_flesh":2,"dynamictrees:oak_seed":12,"minecraft:torch":126,"paraglider:goddess_statue":5,"minecraft:dirt":12,"minecraft:anvil":1,"minecraft:carrot":2,"minecraft:granite":1,"minecraft:mossy_cobblestone_stairs":4,"minecraft:dark_oak_planks":2,"minecraft:bricks":2,"minecraft:stone_brick_stairs":1,"simplyswords:iron_scythe":13,"minecraft:furnace":7,"minecraft:egg":1,"minecraft:cooked_beef":10,"minecraft:golden_boots":1,"minecraft:cooked_mutton":4,"simplyswords:diamond_katana":261,"minecraft:baked_potato":5,"minecraft:birch_planks":4,"cannibal:stone_saw":2,"minecraft:oak_planks":36,"minecraft:stone_pickaxe":134,"minecraft:cookie":3,"minecraft:white_wool":1,"minecraft:golden_apple":6,"minecraft:stripped_dark_oak_log":2,"minecraft:crafting_table":11,"minecraft:crossbow":7,"minecraft:white_bed":5,"minecraft:black_bed":5,"minecraft:shears":3,"waystones:waystone":1,"sophisticatedbackpacks:backpack":3,"minecraft:apple":5,"mcwbridges:bridge_torch":3,"minecraft:chicken":4,"minecraft:melon_slice":88,"minecraft:bread":51,"minecraft:iron_pickaxe":432,"cannibal:bone_sword":26,"luckys_armory:bone_armor_leggings":1,"minecraft:golden_leggings":1,"minecraft:stone_axe":89,"minecraft:potion":6,"minecraft:cobblestone":17,"minecraft:bucket":1,"minecraft:cooked_porkchop":6,"minecraft:andesite":1,"minecraft:oak_boat":1,"minecraft:coarse_dirt":1},"minecraft:broken":{"minecraft:stone_pickaxe":1,"minecraft:iron_pickaxe":1,"samurai_dynasty:straw_hat":1},"minecraft:killed_by":{"minecraft:skeleton":1,"mowziesmobs:umvuthana_raptor":1},"minecraft:crafted":{"minecraft:black_dye":3,"luckys_armory:bone_armor_helmet":1,"minecraft:oak_planks":36,"minecraft:iron_nugget":9,"minecraft:cooked_chicken":5,"minecraft:furnace":2,"paraglider:deku_leaf":1,"minecraft:cooked_mutton":4,"minecraft:bow":1,"luckys_armory:bone_armor_leggings":3,"minecraft:chest":1,"minecraft:dark_oak_planks":4,"luckys_armory:bone_armor_boots":2,"minecraft:cooked_beef":8,"paraglider:paraglider":1,"minecraft:crossbow":1,"sophisticatedbackpacks:backpack":3,"iceandfire:silver_ingot":3,"minecraft:cooked_porkchop":9,"minecraft:crafting_table":2,"luckys_armory:bone_armor_chestplate":3,"minecraft:iron_helmet":1,"mcwbridges:bridge_torch":2,"butchersdelight:cleaver":2,"minecraft:stone_axe":1,"minecraft:air":0,"minecraft:jungle_planks":4,"simplyswords:iron_scythe":1,"samurai_dynasty:katana_handle":1,"luckys_armory:heavy_iron_armor_helmet":1,"simplyswords:diamond_katana":1,"minecraft:gold_nugget":9,"minecraft:shield":3,"minecraft:stick":32,"minecraft:iron_ingot":17,"minecraft:iron_pickaxe":3,"minecraft:iron_block":3,"minecraft:iron_leggings":1,"minecraft:anvil":1,"minecraft:white_bed":1,"minecraft:torch":20,"minecraft:shears":1},"minecraft:custom":{"minecraft:interact_with_smithing_table":1,"minecraft:interact_with_anvil":7,"minecraft:mob_kills":78,"minecraft:interact_with_crafting_table":60,"minecraft:open_barrel":34,"minecraft:bell_ring":2,"minecraft:eat_cake_slice":2,"minecraft:leave_game":9,"minecraft:time_since_death":144142,"minecraft:climb_one_cm":40401,"minecraft:sprint_one_cm":1411051,"minecraft:walk_one_cm":1112189,"minecraft:drop":48,"minecraft:play_time":393984,"minecraft:sneak_time":2877,"minecraft:deaths":12,"minecraft:walk_under_water_one_cm":43820,"minecraft:boat_one_cm":9810,"minecraft:jump":4379,"minecraft:interact_with_brewingstand":1,"minecraft:interact_with_blast_furnace":3,"minecraft:walk_on_water_one_cm":55666,"minecraft:total_world_time":393984,"minecraft:interact_with_furnace":49,"minecraft:interact_with_loom":1,"minecraft:sleep_in_bed":27,"minecraft:time_since_rest":9564,"minecraft:waystone_activated":3,"minecraft:damage_absorbed":190,"minecraft:damage_taken":10359,"minecraft:trigger_trapped_chest":1,"minecraft:damage_dealt":14072,"minecraft:swim_one_cm":38622,"minecraft:fly_one_cm":792067,"minecraft:open_chest":306,"minecraft:crouch_one_cm":3612,"minecraft:fall_one_cm":103808,"minecraft:interact_with_smoker":5},"minecraft:killed":{"minecraft:cave_spider":8,"cannibal:cannibal":4,"graveyard:skeleton_creeper":1,"minecraft:spider":1,"samurai_dynasty:komainu":1,"minecraft:slime":10,"minecraft:skeleton":7,"minecraft:horse":6,"samurai_dynasty:tanuki":1,"realmrpg_demons:chort":2,"minecraft:silverfish":1,"undead_revamp2:the_moonflower":3,"minecraft:creeper":4,"minecraft:squid":1,"minecraft:sheep":7,"minecraft:pillager":6,"undead_revamp2:thesomnolence":1,"minecraft:zombie":6,"iceandfire:ghost":1,"samurai_dynasty:kawauso":2,"minecraft:wither_skeleton":1,"minecraft:enderman":2},"minecraft:dropped":{"minecraft:bread":2,"minecraft:glass_bottle":5,"minecraft:cooked_porkchop":1,"minecraft:iron_helmet":1,"luckys_armory:bone_armor_leggings":4,"luckys_armory:bone_armor_helmet":1,"cannibal:stone_saw":1,"luckys_armory:bone_armor_chestplate":2,"minecraft:torch":4,"minecraft:melon_slice":4,"minecraft:brown_wool":1,"cannibal:bone_sword":2,"minecraft:iron_pickaxe":1,"minecraft:string":3,"minecraft:cobbled_deepslate":1,"minecraft:raw_copper":3,"luckys_armory:bone_armor_boots":2,"butchersdelight:cleaver":1,"minecraft:rotten_flesh":1,"samurai_dynasty:straw_hat":1,"minecraft:shield":1,"minecraft:quartz_block":1,"minecraft:leather_boots":1,"minecraft:golden_sword":1,"minecraft:spider_eye":2,"exposure:aged_photograph":1},"minecraft:picked_up":{"minecraft:coarse_dirt":1,"minecraft:crafting_table":10,"minecraft:wheat":2,"minecraft:chicken":9,"minecraft:anvil":1,"minecraft:smithing_table":1,"minecraft:diamond_sword":1,"minecraft:stone_brick_stairs":4,"paraglider:goddess_statue":5,"minecraft:string":3,"cannibal:bone_mask":1,"minecraft:raw_copper":3,"minecraft:iron_leggings":1,"butchersdelight:dead_cow":10,"minecraft:cracked_stone_bricks":7,"minecraft:diamond_leggings":1,"minecraft:cobbled_deepslate":1,"minecraft:candle":2,"minecraft:smooth_stone":1,"minecraft:spruce_planks":6,"minecraft:beef":8,"mcwbridges:bridge_torch":1,"minecraft:oak_boat":1,"dynamictrees:oak_seed":12,"minecraft:melon_slice":152,"minecraft:furnace":7,"minecraft:egg":2,"minecraft:tipped_arrow":1,"minecraft:stick":19,"minecraft:raw_iron":17,"minecraft:oak_door":2,"luckys_armory:bone_armor_leggings":1,"minecraft:torch":65,"minecraft:porkchop":10,"cannibal:stone_saw":2,"minecraft:cookie":3,"minecraft:pointed_dripstone":2,"minecraft:diorite":1,"minecraft:carrot":1,"minecraft:blue_carpet":3,"minecraft:stone_pressure_plate":1,"minecraft:dark_oak_planks":2,"minecraft:quartz_block":12,"minecraft:arrow":9,"butchersdelight:deadsheep":9,"minecraft:rotten_flesh":8,"minecraft:diamond_boots":1,"minecraft:mutton":5,"minecraft:iron_bars":11,"minecraft:white_wool":4,"minecraft:cobblestone":257,"minecraft:birch_log":15,"minecraft:feather":13,"minecraft:iron_door":1,"cannibal:bone_sword":1,"minecraft:andesite":2,"minecraft:jungle_log":1,"minecraft:black_bed":6,"minecraft:brown_wool":2,"minecraft:leather":6,"samurai_dynasty:jade":1,"minecraft:potato":1,"minecraft:birch_planks":5,"paraglider:spirit_orb":113,"butchersdelight:deadpig":9,"minecraft:oak_log":9,"minecraft:gunpowder":2,"minecraft:dirt":18,"minecraft:white_banner":1,"butchersdelight:deadchiken":9,"minecraft:leather_boots":2,"minecraft:chipped_anvil":1,"minecraft:bone":4,"minecraft:stone_bricks":6,"minecraft:bow":1,"samurai_dynasty:cloth":2,"minecraft:mossy_stone_bricks":10,"minecraft:oak_planks":39,"minecraft:mossy_stone_brick_stairs":3,"irons_spellbooks:frozen_bone":3,"butchersdelight:cow_hide":6,"minecraft:birch_stairs":2,"minecraft:nether_brick_stairs":4,"minecraft:ink_sac":3,"minecraft:white_bed":4,"minecraft:dark_oak_log":3,"minecraft:spider_eye":3,"minecraft:mossy_cobblestone":3,"minecraft:jungle_leaves":3,"butchersdelight:sheephide":4,"minecraft:slime_ball":5,"minecraft:diamond":3,"waystones:waystone":1,"samurai_dynasty:straw_hat":2,"minecraft:crossbow":2,"minecraft:granite":2,"minecraft:mossy_cobblestone_stairs":9,"minecraft:dark_oak_fence":6,"minecraft:stripped_dark_oak_log":6,"minecraft:bricks":2,"minecraft:coal":26,"iceandfire:raw_silver":3},"minecraft:mined":{"minecraft:dark_oak_planks":3,"minecraft:spruce_planks":6,"minecraft:stone_pressure_plate":1,"minecraft:white_bed":4,"iceandfire:silver_ore":3,"minecraft:mossy_cobblestone":6,"minecraft:deepslate_diamond_ore":3,"minecraft:candle":1,"minecraft:dark_oak_log":3,"minecraft:glow_lichen":1,"minecraft:dark_oak_fence":6,"butchersdelight:deadsheepblock":2,"minecraft:granite":1,"minecraft:grass_block":9,"minecraft:jungle_log":1,"butchersdelight:deadpigblock":3,"minecraft:spawner":57,"minecraft:smooth_stone":1,"minecraft:furnace":7,"minecraft:mossy_cobblestone_stairs":8,"minecraft:iron_ore":17,"minecraft:andesite":2,"minecraft:anvil":1,"minecraft:nether_brick_stairs":3,"rocks:birch_stick":1,"minecraft:mossy_stone_brick_stairs":6,"mcwbridges:bridge_torch":1,"minecraft:pointed_dripstone":3,"minecraft:vine":13,"minecraft:iron_bars":16,"minecraft:stone":300,"minecraft:white_banner":1,"minecraft:spruce_slab":4,"dynamictrees:jungle_leaves":3,"minecraft:smithing_table":1,"minecraft:glass_pane":2,"minecraft:quartz_block":19,"minecraft:stripped_dark_oak_log":6,"minecraft:crafting_table":10,"minecraft:torch":8,"minecraft:melon":30,"samurai_dynasty:jade_ore":1,"minecraft:cobblestone":14,"minecraft:oak_planks":9,"minecraft:bricks":2,"butchersdelight:deadchickenblock":5,"minecraft:iron_door":1,"minecraft:wall_torch":21,"minecraft:birch_planks":8,"minecraft:coarse_dirt":1,"realmrpg_skeletons:bow_skeleton":1,"realmrpg_skeletons:acrobat_skeleton":1,"minecraft:black_bed":6,"minecraft:stone_brick_stairs":5,"minecraft:grass":8,"minecraft:coal_ore":22,"minecraft:dirt":13,"minecraft:cracked_stone_bricks":12,"minecraft:chipped_anvil":1,"minecraft:stone_bricks":6,"minecraft:netherrack":1,"minecraft:mossy_stone_bricks":8,"pots_and_mimics:treasure_pot":2,"minecraft:deepslate":1,"paraglider:goddess_statue":8}},"DataVersion":3465}