{"stats":{"minecraft:killed":{"cannibal:cannibal":1,"graveyard:skeleton_creeper":1,"minecraft:spider":2,"undead_revamp2:theswarmer":1,"minecraft:skeleton":18,"minecraft:bee":1,"realmrpg_demons:chort":7,"minecraft:tropical_fish":3,"undead_revamp2:crackleball":5,"minecraft:creeper":3,"minecraft:sheep":2,"minecraft:pillager":13,"irons_spellbooks:summoned_vex":2,"minecraft:zombie":37,"mowziesmobs:umvuthana_raptor":1,"undead_revamp2:thehunter":2,"undead_revamp2:theimmortal":2,"minecraft:vindicator":2,"undead_revamp2:thebidy":1,"simplemusket:musket_pillager":3,"minecraft:drowned":2,"mowziesmobs:umvuthana":7,"iceandfire:hippocampus":1,"friendsandfoes:copper_golem":1,"graveyard:ghoul":1,"undead_revamp2:the_moonflower":16,"mowziesmobs:umvuthana_follower_raptor":5,"minecraft:ravager":1,"sons_of_sins:betrayed_guzzler":1,"iceandfire:ghost":1,"minecraft:player":5},"minecraft:used":{"minecraft:iron_shovel":133,"mowziesmobs:umvuthana_mask_fear":1,"minecraft:chest":10,"minecraft:shield":41,"minecraft:iron_sword":7,"minecraft:rotten_flesh":108,"minecraft:carrot":46,"alekiships:oarlock":1,"minecraft:polished_andesite_stairs":1,"minecraft:stone_bricks":2,"minecraft:furnace":1,"minecraft:egg":2,"minecraft:potato":13,"minecraft:stone_pickaxe":121,"minecraft:oak_planks":9,"minecraft:wooden_pickaxe":54,"minecraft:sandstone":5,"minecraft:sugar_cane":19,"minecraft:cookie":1,"minecraft:sand":97,"minecraft:mushroom_stew":1,"minecraft:blast_furnace":1,"minecraft:black_bed":3,"minecraft:melon_slice":10,"minecraft:bread":15,"dynamictrees:acacia_seed":8,"minecraft:andesite":3,"minecraft:oak_boat":1,"minecraft:stone_sword":528,"minecraft:cooked_chicken":8,"minecraft:oak_door":1,"minecraft:torch":128,"minecraft:dirt":10,"minecraft:granite":1,"minecraft:dark_oak_planks":1,"minecraft:iron_axe":81,"minecraft:smooth_sandstone":2,"dynamictrees:birch_seed":14,"minecraft:barrel":1,"undead_revamp2:arapholia":3,"dynamictrees:dark_oak_seed":1,"minecraft:cooked_beef":13,"minecraft:cobbled_deepslate":5,"minecraft:wheat_seeds":15,"minecraft:cooked_mutton":5,"minecraft:water_bucket":3,"minecraft:birch_planks":4,"iceandfire:dragon_skull_lightning":2,"minecraft:cracked_stone_bricks":1,"upgrade_aquatic:driftwood_planks":5,"minecraft:mossy_cobblestone":6,"minecraft:crafting_table":6,"minecraft:birch_sign":2,"minecraft:white_bed":3,"minecraft:smoker":1,"minecraft:apple":25,"minecraft:oxeye_daisy":1,"minecraft:acacia_sign":3,"minecraft:iron_pickaxe":403,"minecraft:stone_axe":93,"minecraft:cobblestone":21,"cannibal:fresh_flesh":1,"minecraft:purple_bed":7,"minecraft:porkchop":1,"minecraft:white_banner":1,"minecraft:bucket":3,"cannibal:bone_trap":2,"irons_spellbooks:inscription_table":2},"minecraft:dropped":{"minecraft:iron_sword":2,"minecraft:porkchop":4,"minecraft:crafting_table":1,"minecraft:cookie":1,"graveyard:corruption":1,"paraglider:spirit_orb":1,"minecraft:dirt":1,"irons_spellbooks:rotten_spell_book":3,"irons_spellbooks:emerald_stoneplate_ring":1,"cannibal:bone_mask":1,"minecraft:bone":2,"undead_revamp2:arapholia":1,"minecraft:rotten_flesh":16,"minecraft:arrow":2,"minecraft:iron_helmet":1,"minecraft:feather":3,"minecraft:tropical_fish":3,"minecraft:stick":1,"irons_spellbooks:scroll":2,"minecraft:melon_slice":11,"minecraft:iron_leggings":1,"minecraft:dead_bush":2,"minecraft:white_banner":1,"sophisticatedbackpacks:crafting_upgrade":1,"minecraft:string":4,"minecraft:gray_carpet":1,"minecraft:acacia_planks":2,"minecraft:player_head":1,"minecraft:stone_sword":6,"minecraft:iron_chestplate":1,"minecraft:purple_bed":1,"minecraft:birch_sign":1},"minecraft:mined":{"minecraft:dark_oak_planks":7,"minecraft:spruce_planks":1,"minecraft:white_bed":4,"minecraft:cobbled_deepslate_stairs":2,"minecraft:granite":4,"minecraft:grass_block":11,"minecraft:spawner":1,"minecraft:mossy_cobblestone_slab":1,"minecraft:iron_ore":10,"minecraft:fire":3,"minecraft:barrel":1,"realmrpg_skeletons:rookie_skeleton":1,"minecraft:red_tulip":1,"minecraft:water_cauldron":1,"minecraft:flowering_azalea_leaves":2,"minecraft:deepslate_brick_stairs":2,"dynamictrees:jungle_undergrowth_leaves":1,"cannibal:bone_trap":2,"minecraft:player_head":1,"minecraft:deepslate_redstone_ore":23,"minecraft:kelp_plant":1,"minecraft:torch":10,"dynamictrees:birch_sapling":1,"minecraft:melon":3,"minecraft:chest":9,"minecraft:cobblestone":72,"minecraft:sugar_cane":13,"minecraft:oak_planks":14,"minecraft:wall_torch":12,"minecraft:stone_stairs":4,"minecraft:chain":2,"realmrpg_skeletons:bow_skeleton":1,"realmrpg_skeletons:webbed_skeleton":1,"minecraft:wheat":17,"samurai_dynasty:deepslate_silver_ore":8,"realmrpg_skeletons:acrobat_skeleton":1,"dynamictrees:birch_leaves":6,"minecraft:black_bed":3,"minecraft:grass":11,"minecraft:sand":140,"minecraft:dirt":5,"minecraft:deepslate":89,"realmrpg_skeletons:waterdrop_skeleton":1,"iceandfire:silver_ore":2,"minecraft:mossy_cobblestone":21,"minecraft:deepslate_diamond_ore":1,"minecraft:oak_door":1,"graveyard:acacia_coffin":2,"minecraft:glow_lichen":1,"rocks:rock":2,"minecraft:sandstone":7,"samurai_dynasty:aquamarine_ore":5,"minecraft:redstone_ore":7,"minecraft:furnace":1,"minecraft:carrots":10,"minecraft:andesite":8,"minecraft:peony":1,"minecraft:bookshelf":4,"minecraft:potatoes":12,"minecraft:deepslate_iron_ore":9,"minecraft:rail":1,"minecraft:stripped_oak_log":4,"realmrpg_skeletons:arrow_skeleton":1,"irons_spellbooks:inscription_table":3,"minecraft:stone":82,"minecraft:scaffolding":1,"minecraft:smooth_sandstone":2,"minecraft:crafting_table":3,"dynamictrees:acacia_leaves":1,"minecraft:lectern":1,"minecraft:tall_grass":5,"minecraft:copper_ore":7,"minecraft:deepslate_gold_ore":4,"minecraft:diorite":3,"minecraft:birch_planks":23,"minecraft:purple_bed":6,"minecraft:coarse_dirt":11,"minecraft:bamboo_trapdoor":1,"minecraft:coal_ore":102,"minecraft:gravel":3,"minecraft:cobweb":11,"rocks:sand_rock":1,"minecraft:cracked_stone_bricks":2,"upgrade_aquatic:driftwood_log":6,"minecraft:acacia_planks":4,"minecraft:polished_andesite":3,"minecraft:stone_bricks":5,"minecraft:mossy_stone_bricks":2,"pots_and_mimics:treasure_pot":6,"minecraft:fern":1},"minecraft:custom":{"minecraft:interact_with_crafting_table":47,"minecraft:open_barrel":148,"minecraft:leave_game":12,"minecraft:time_since_death":9920,"minecraft:sprint_one_cm":1583610,"minecraft:damage_blocked_by_shield":2310,"minecraft:drop":73,"minecraft:play_time":617835,"minecraft:deaths":75,"minecraft:jump":7488,"minecraft:walk_on_water_one_cm":100118,"minecraft:interact_with_furnace":26,"minecraft:sleep_in_bed":31,"minecraft:waystone_activated":3,"minecraft:damage_dealt":25024,"minecraft:player_kills":6,"minecraft:crouch_one_cm":9300,"minecraft:interact_with_smoker":15,"minecraft:interact_with_smithing_table":1,"minecraft:mob_kills":147,"minecraft:damage_dealt_resisted":548,"minecraft:climb_one_cm":55374,"minecraft:walk_one_cm":2817940,"minecraft:sneak_time":5169,"minecraft:walk_under_water_one_cm":92708,"minecraft:boat_one_cm":432662,"minecraft:interact_with_lectern":2,"minecraft:interact_with_blast_furnace":8,"minecraft:total_world_time":617835,"minecraft:raid_trigger":2,"minecraft:time_since_rest":9784,"minecraft:damage_taken":32446,"minecraft:damage_absorbed":106,"minecraft:swim_one_cm":168247,"minecraft:fly_one_cm":1266816,"minecraft:open_chest":174,"minecraft:fall_one_cm":129212},"minecraft:killed_by":{"simplemusket:musket_pillager":4,"undead_revamp2:the_moonflower":1,"minecraft:pillager":1,"minecraft:vindicator":1,"minecraft:zombie":1,"minecraft:player":2,"irons_spellbooks:archevoker":1},"minecraft:broken":{"minecraft:iron_shovel":1,"minecraft:iron_chestplate":1,"minecraft:stone_pickaxe":1,"minecraft:stone_axe":1,"cannibal:bone_mask":1,"minecraft:stone_sword":4,"minecraft:wooden_pickaxe":1,"minecraft:shield":1,"minecraft:iron_pickaxe":1,"minecraft:iron_helmet":1},"minecraft:crafted":{"minecraft:oak_planks":44,"minecraft:smooth_stone":3,"minecraft:cooked_chicken":3,"minecraft:birch_slab":6,"minecraft:stone":3,"sophisticatedbackpacks:crafting_upgrade":1,"minecraft:cooked_mutton":1,"minecraft:chest":4,"minecraft:smoker":1,"sophisticatedbackpacks:backpack":2,"minecraft:crafting_table":4,"minecraft:birch_planks":32,"sophisticatedbackpacks:upgrade_base":1,"minecraft:shield":1,"minecraft:stick":24,"minecraft:iron_ingot":15,"minecraft:iron_pickaxe":2,"minecraft:stone_sword":1,"alekiships:oar":1,"minecraft:furnace":2,"minecraft:blast_furnace":1,"minecraft:iron_axe":1,"minecraft:stone_pickaxe":1,"minecraft:birch_sign":3,"upgrade_aquatic:driftwood_planks":24,"sophisticatedbackpacks:iron_backpack":1,"minecraft:cooked_beef":2,"minecraft:iron_sword":1,"minecraft:stone_axe":1,"minecraft:bread":6,"minecraft:air":0,"minecraft:acacia_sign":3,"minecraft:acacia_planks":40,"minecraft:torch":72},"minecraft:picked_up":{"irons_spellbooks:scroll":9,"minecraft:iron_chestplate":1,"minecraft:wheat":26,"irons_spellbooks:rotten_spell_book":3,"minecraft:string":24,"cannibal:bone_mask":3,"minecraft:raw_copper":31,"minecraft:experience_bottle":2,"butchersdelight:cleaver":1,"dynamictrees:dark_oak_seed":1,"minecraft:cobbled_deepslate":88,"minecraft:spruce_planks":1,"samurai_dynasty:raw_silver":8,"minecraft:written_book":1,"minecraft:melon_slice":22,"irons_spellbooks:inscription_table":3,"minecraft:smooth_quartz_stairs":2,"minecraft:furnace":2,"minecraft:stick":37,"minecraft:torch":38,"minecraft:acacia_log":9,"minecraft:porkchop":5,"rocks:sandstone_splitter":1,"minecraft:diorite":3,"minecraft:cauldron":1,"samurai_dynasty:spirit_upgrade_smithing_template":1,"minecraft:stone_sword":8,"minecraft:rotten_flesh":97,"minecraft:tropical_fish":3,"minecraft:red_tulip":1,"minecraft:deepslate_brick_stairs":2,"undead_revamp2:arapholia":5,"minecraft:cobblestone":153,"minecraft:birch_log":8,"minecraft:feather":16,"cannibal:bone_sword":1,"minecraft:water_bucket":1,"minecraft:andesite":6,"minecraft:black_bed":3,"rocks:starfish":1,"minecraft:potato":32,"paraglider:spirit_orb":3,"butchersdelight:deadpig":1,"minecraft:dirt":45,"minecraft:bone":38,"minecraft:acacia_planks":4,"undead_revamp2:blacpetalblock":4,"minecraft:wheat_seeds":54,"minecraft:raw_gold":7,"minecraft:oak_planks":28,"minecraft:poisonous_potato":1,"butchersdelight:cow_hide":8,"iceandfire:shiny_scales":4,"minecraft:sand":139,"dynamictrees:acacia_seed":9,"minecraft:ink_sac":3,"minecraft:dead_bush":1,"minecraft:mossy_cobblestone":18,"minecraft:barrel":1,"sons_of_sins:flesh_of_demise":1,"minecraft:polished_andesite":2,"minecraft:diamond":1,"minecraft:crossbow":3,"minecraft:granite":4,"minecraft:bone_meal":4,"minecraft:emerald":1,"minecraft:dark_oak_fence":1,"rocks:cobblestone_splitter":2,"iceandfire:raw_silver":3,"iceandfire:dragon_skull_lightning":4,"undead_revamp2:bostroxingot":1,"minecraft:crafting_table":4,"minecraft:coarse_dirt":11,"graveyard:acacia_coffin":2,"minecraft:chicken":1,"friendsandfoes:totem_of_illusion":1,"minecraft:wooden_pickaxe":1,"minecraft:chain":2,"minecraft:stone_stairs":4,"minecraft:item_frame":2,"minecraft:iron_shovel":1,"butchersdelight:dead_cow":9,"minecraft:blue_orchid":1,"graveyard:corruption":4,"minecraft:cracked_stone_bricks":1,"minecraft:beef":16,"minecraft:oak_boat":2,"minecraft:player_head":1,"minecraft:poppy":1,"minecraft:lectern":1,"irons_spellbooks:emerald_stoneplate_ring":1,"minecraft:chest":9,"minecraft:sugar_cane":31,"samurai_dynasty:aquamarine":5,"minecraft:egg":5,"minecraft:raw_iron":20,"minecraft:sandstone":6,"iceandfire:dragonbone":43,"minecraft:oak_door":1,"minecraft:copper_ingot":1,"sophisticatedbackpacks:crafting_upgrade":1,"minecraft:cookie":2,"minecraft:carrot":38,"minecraft:redstone":135,"minecraft:dark_oak_planks":7,"butchersdelight:deadsheep":3,"minecraft:arrow":17,"minecraft:peony":1,"upgrade_aquatic:driftwood_log":6,"minecraft:mutton":2,"minecraft:white_wool":5,"minecraft:rail":1,"minecraft:stripped_oak_log":4,"minecraft:red_mushroom":2,"minecraft:acacia_wood":5,"minecraft:birch_planks":22,"minecraft:oak_log":7,"minecraft:cobbled_deepslate_stairs":2,"minecraft:gunpowder":5,"minecraft:white_banner":4,"butchersdelight:deadchiken":4,"minecraft:smooth_sandstone":2,"minecraft:red_carpet":1,"minecraft:apple":1,"cannibal:bone_trap":2,"minecraft:stone_bricks":6,"minecraft:gray_carpet":2,"minecraft:kelp":1,"minecraft:iron_ingot":9,"dynamictrees:birch_seed":22,"minecraft:cobweb":8,"minecraft:flowering_azalea":1,"minecraft:iron_sword":1,"minecraft:book":12,"minecraft:scaffolding":2,"minecraft:polished_andesite_stairs":1,"minecraft:gravel":4,"minecraft:white_bed":4,"undead_revamp2:rawbostrox":1,"minecraft:purple_bed":7,"minecraft:bamboo_trapdoor":1,"minecraft:stone_axe":1,"minecraft:iron_helmet":2,"mowziesmobs:umvuthana_mask_fear":1,"minecraft:coal":122}},"DataVersion":3465}