{"stats":{"minecraft:crafted":{"minecraft:wooden_sword":1,"minecraft:oak_planks":48,"minecraft:iron_nugget":9,"minecraft:cooked_chicken":5,"minecraft:iron_axe":1,"minecraft:stone_pickaxe":1,"minecraft:chest":1,"minecraft:dark_oak_planks":44,"minecraft:cooked_beef":2,"minecraft:cooked_cod":7,"minecraft:cooked_porkchop":2,"minecraft:crafting_table":1,"minecraft:baked_potato":17,"minecraft:iron_sword":1,"minecraft:cooked_salmon":11,"minecraft:dark_oak_button":4,"butchersdelight:cleaver":1,"minecraft:stone_axe":1,"minecraft:air":0,"minecraft:bread":9,"minecraft:oak_boat":2,"minecraft:iron_chestplate":1,"minecraft:shield":1,"minecraft:stick":44,"minecraft:iron_ingot":22,"minecraft:iron_pickaxe":1,"minecraft:stone_sword":1,"minecraft:acacia_planks":4,"minecraft:torch":376},"minecraft:custom":{"minecraft:interact_with_anvil":1,"minecraft:mob_kills":148,"minecraft:interact_with_crafting_table":22,"minecraft:open_barrel":45,"minecraft:bell_ring":15,"minecraft:damage_dealt_resisted":47,"minecraft:leave_game":3,"minecraft:time_since_death":12259,"minecraft:climb_one_cm":32836,"minecraft:sprint_one_cm":1556393,"minecraft:walk_one_cm":1480716,"minecraft:damage_blocked_by_shield":330,"minecraft:drop":27,"minecraft:damage_dealt_absorbed":13,"minecraft:play_time":386282,"minecraft:sneak_time":1577,"minecraft:deaths":110,"minecraft:walk_under_water_one_cm":46224,"minecraft:boat_one_cm":168583,"minecraft:jump":4634,"minecraft:interact_with_blast_furnace":4,"minecraft:walk_on_water_one_cm":39480,"minecraft:total_world_time":386282,"minecraft:interact_with_furnace":24,"minecraft:interact_with_stonecutter":1,"minecraft:interact_with_grindstone":2,"minecraft:sleep_in_bed":26,"minecraft:time_since_rest":7479,"minecraft:waystone_activated":2,"minecraft:damage_absorbed":106,"minecraft:damage_taken":38537,"minecraft:damage_dealt":32318,"minecraft:swim_one_cm":105600,"minecraft:fly_one_cm":739148,"minecraft:open_chest":131,"minecraft:crouch_one_cm":3098,"minecraft:interact_with_smoker":8,"minecraft:fall_one_cm":82258},"minecraft:broken":{"minecraft:iron_chestplate":1,"minecraft:wooden_pickaxe":1,"minecraft:stone_pickaxe":1},"minecraft:picked_up":{"minecraft:charcoal":3,"minecraft:crafting_table":1,"minecraft:coarse_dirt":10,"minecraft:chicken":5,"minecraft:ladder":1,"minecraft:wooden_pickaxe":1,"friendsandfoes:totem_of_illusion":1,"minecraft:stone_brick_stairs":1,"cannibal:bone_mask":1,"minecraft:smooth_stone_slab":2,"minecraft:iron_leggings":1,"minecraft:armor_stand":2,"minecraft:cyan_carpet":2,"minecraft:cracked_stone_bricks":6,"dynamictrees:dark_oak_seed":1,"minecraft:cobbled_deepslate":14,"cannibal:fresh_flesh":1,"minecraft:beef":2,"minecraft:oak_boat":1,"minecraft:calcite":2,"upgrade_aquatic:pickerelweed":23,"minecraft:player_head":3,"minecraft:iron_nugget":1,"dynamictrees:oak_seed":3,"minecraft:melon_slice":10,"minecraft:furnace":1,"minecraft:egg":2,"minecraft:stick":62,"minecraft:raw_iron":30,"minecraft:oak_fence":2,"minecraft:torch":28,"minecraft:porkchop":4,"minecraft:cookie":1,"minecraft:diorite":1,"minecraft:redstone":2,"minecraft:dark_oak_planks":12,"minecraft:arrow":19,"butchersdelight:deadsheep":2,"minecraft:rotten_flesh":85,"minecraft:cyan_terracotta":2,"minecraft:saddle":1,"minecraft:totem_of_undying":3,"minecraft:mutton":1,"minecraft:cod":8,"undead_revamp2:arapholia":1,"minecraft:white_wool":1,"minecraft:cobblestone":153,"minecraft:birch_log":17,"minecraft:lilac":1,"minecraft:feather":9,"minecraft:dark_oak_button":4,"minecraft:salmon":12,"minecraft:acacia_wood":5,"minecraft:birch_planks":16,"paraglider:spirit_orb":4,"butchersdelight:deadpig":7,"minecraft:oak_log":15,"minecraft:gunpowder":3,"minecraft:cobblestone_stairs":1,"minecraft:dirt":22,"minecraft:white_banner":4,"butchersdelight:deadchiken":2,"minecraft:red_carpet":4,"minecraft:bone":16,"minecraft:apple":1,"minecraft:stone_bricks":5,"samurai_dynasty:cloth":3,"minecraft:wheat_seeds":1,"minecraft:iron_ingot":2,"dynamictrees:birch_seed":8,"minecraft:cobweb":3,"minecraft:glass_bottle":1,"minecraft:glowstone_dust":2,"minecraft:oak_planks":3,"minecraft:soul_sand":2,"friendsandfoes:totem_of_freezing":1,"minecraft:book":3,"minecraft:polished_andesite_stairs":2,"minecraft:cooked_porkchop":2,"minecraft:gravel":1,"butchersdelight:cow_hide":1,"minecraft:birch_stairs":2,"dynamictrees:acacia_seed":1,"minecraft:white_bed":2,"minecraft:mossy_cobblestone":11,"minecraft:dark_oak_log":7,"minecraft:barrel":3,"minecraft:leather_helmet":1,"butchersdelight:sheephide":1,"minecraft:purple_bed":1,"minecraft:sugar":2,"minecraft:slime_ball":6,"minecraft:crossbow":1,"minecraft:birch_sign":1,"minecraft:bone_meal":1,"minecraft:mossy_cobblestone_stairs":1,"minecraft:bread":11,"minecraft:emerald":7,"minecraft:dark_oak_fence":5,"minecraft:stripped_dark_oak_log":4,"minecraft:coal":79},"minecraft:used":{"minecraft:oak_fence":2,"minecraft:stone_sword":66,"minecraft:ladder":1,"minecraft:chest":1,"minecraft:shield":7,"minecraft:iron_sword":99,"minecraft:player_head":2,"minecraft:cooked_salmon":7,"minecraft:cooked_chicken":5,"minecraft:rotten_flesh":27,"minecraft:torch":378,"minecraft:dirt":20,"minecraft:carrot":7,"minecraft:dark_oak_planks":37,"butchersdelight:cleaver":2,"minecraft:iron_axe":64,"minecraft:polished_andesite_stairs":1,"minecraft:totem_of_undying":1,"minecraft:barrel":2,"minecraft:stone_bricks":5,"minecraft:red_carpet":4,"minecraft:cooked_cod":7,"minecraft:egg":2,"dynamictrees:dark_oak_seed":1,"minecraft:cooked_beef":2,"minecraft:cobbled_deepslate":9,"minecraft:calcite":2,"minecraft:diorite":1,"minecraft:cobblestone_stairs":1,"minecraft:birch_planks":1,"minecraft:baked_potato":8,"minecraft:oak_planks":1,"minecraft:stone_pickaxe":131,"minecraft:wooden_pickaxe":58,"minecraft:cracked_stone_bricks":6,"minecraft:cookie":1,"minecraft:mossy_cobblestone":5,"minecraft:crafting_table":2,"minecraft:birch_sign":1,"minecraft:white_bed":2,"minecraft:melon_slice":10,"minecraft:bread":38,"minecraft:cyan_carpet":2,"minecraft:iron_pickaxe":113,"dynamictrees:acacia_seed":1,"minecraft:stone_axe":7,"minecraft:wooden_sword":49,"minecraft:diamond_sword":540,"minecraft:cobblestone":144,"cannibal:fresh_flesh":1,"minecraft:cooked_porkchop":4,"minecraft:dark_oak_fence":2,"minecraft:oak_boat":2,"minecraft:coarse_dirt":10,"minecraft:birch_stairs":2},"minecraft:killed":{"minecraft:evoker":3,"minecraft:vex":4,"undead_revamp2:thehunter":1,"cannibal:cannibal":2,"minecraft:witch":4,"minecraft:vindicator":6,"minecraft:cod":8,"minecraft:skeleton":16,"minecraft:illusioner":1,"simplemusket:musket_pillager":4,"undead_revamp2:thespitter":1,"friendsandfoes:iceologer":2,"minecraft:salmon":18,"undead_revamp2:the_moonflower":6,"undead_revamp2:theheavy":1,"minecraft:ravager":1,"minecraft:creeper":1,"minecraft:sheep":1,"minecraft:pillager":14,"minecraft:zombie":44,"irons_spellbooks:summoned_vex":1,"iceandfire:ghost":2},"minecraft:dropped":{"minecraft:acacia_wood":4,"minecraft:soul_sand":2,"minecraft:oak_log":3,"minecraft:dark_oak_button":8,"minecraft:mutton":1,"minecraft:wooden_sword":1,"minecraft:polished_andesite_stairs":1,"butchersdelight:deadpig":1,"minecraft:white_wool":1,"minecraft:gravel":1,"minecraft:furnace":1,"minecraft:stone_axe":1,"minecraft:player_head":1,"minecraft:iron_nugget":1,"dynamictrees:oak_seed":3,"minecraft:stone_sword":1,"butchersdelight:deadsheep":2,"butchersdelight:cleaver":1,"undead_revamp2:arapholia":1,"minecraft:rotten_flesh":28,"minecraft:oak_planks":3,"cannibal:fresh_flesh":5,"minecraft:carrot":1,"minecraft:gunpowder":1,"minecraft:oak_boat":1},"minecraft:mined":{"minecraft:dark_oak_planks":12,"minecraft:red_carpet":1,"minecraft:white_bed":2,"minecraft:mossy_cobblestone":8,"minecraft:cobblestone_stairs":1,"minecraft:dark_oak_log":7,"minecraft:dark_oak_fence":7,"minecraft:grass_block":18,"butchersdelight:deadpigblock":1,"minecraft:spawner":2,"minecraft:tall_seagrass":1,"minecraft:furnace":1,"minecraft:mossy_cobblestone_stairs":1,"minecraft:iron_ore":23,"minecraft:barrel":3,"minecraft:acacia_wood":5,"rocks:oak_stick":1,"rocks:birch_stick":1,"minecraft:deepslate_iron_ore":7,"minecraft:vine":2,"upgrade_aquatic:pickerelweed":3,"upgrade_aquatic:tall_pickerelweed":10,"minecraft:smooth_quartz_stairs":2,"minecraft:stone":60,"minecraft:player_head":1,"minecraft:podzol":1,"minecraft:birch_stairs":2,"minecraft:soul_sand":2,"minecraft:stripped_dark_oak_log":4,"minecraft:crafting_table":1,"minecraft:torch":15,"minecraft:calcite":2,"minecraft:polished_andesite_stairs":2,"minecraft:melon":2,"minecraft:tall_grass":8,"minecraft:white_candle":1,"minecraft:cobblestone":65,"minecraft:oak_planks":2,"butchersdelight:deadchickenblock":1,"minecraft:diorite":1,"minecraft:wall_torch":10,"minecraft:skeleton_skull":1,"minecraft:purple_bed":1,"minecraft:birch_planks":17,"minecraft:coarse_dirt":12,"realmrpg_skeletons:bow_skeleton":1,"minecraft:lilac":2,"minecraft:stone_brick_stairs":1,"minecraft:smooth_stone_slab":3,"minecraft:grass":35,"minecraft:oak_log":4,"minecraft:coal_ore":78,"minecraft:cyan_carpet":2,"minecraft:dirt":4,"minecraft:gray_carpet":1,"minecraft:cracked_stone_bricks":6,"minecraft:stone_bricks":6,"minecraft:deepslate":21},"minecraft:killed_by":{"simplemusket:musket_pillager":1,"minecraft:player":3,"minecraft:spider":1,"undead_revamp2:thespitter":1,"minecraft:vindicator":3,"minecraft:zombie":3,"minecraft:vex":3,"minecraft:illusioner":1}},"DataVersion":3465}