{"stats":{"minecraft:dropped":{"minecraft:oak_door":2,"minecraft:stone_hoe":1,"minecraft:stone_axe":2,"minecraft:crafting_table":1,"minecraft:cooked_porkchop":12,"minecraft:rotten_flesh":7,"cannibal:fresh_flesh":7,"minecraft:potato":1,"minecraft:skeleton_skull":1,"minecraft:acacia_planks":4},"minecraft:killed_by":{"iceandfire:lightning_dragon":1},"minecraft:killed":{"cannibal:cannibal":1,"undead_revamp2:theimmortal":2,"minecraft:sheep":3,"minecraft:tropical_fish":8},"minecraft:used":{"minecraft:wheat_seeds":29,"minecraft:water_bucket":1,"minecraft:flint_and_steel":6,"minecraft:tropical_fish":8,"minecraft:baked_potato":19,"minecraft:stone_pickaxe":98,"minecraft:jungle_fence":1,"luckys_armory:bone_armor_boots":1,"minecraft:wooden_pickaxe":3,"minecraft:sugar_cane":6,"minecraft:green_bed":4,"minecraft:stone_hoe":2,"minecraft:torch":15,"paraglider:goddess_statue":1,"minecraft:dirt":15,"minecraft:crafting_table":5,"minecraft:white_bed":2,"minecraft:spruce_boat":1,"luckys_armory:bone_armor_chestplate":1,"minecraft:bread":9,"minecraft:melon_slice":4,"luckys_armory:bone_armor_leggings":1,"minecraft:gravel":12,"minecraft:stone_axe":98,"minecraft:bucket":1,"minecraft:cooked_beef":2,"minecraft:potato":187,"minecraft:acacia_planks":20,"minecraft:candle":7,"minecraft:bone_meal":176},"minecraft:picked_up":{"minecraft:charcoal":64,"minecraft:crafting_table":6,"minecraft:wheat":29,"minecraft:anvil":1,"minecraft:jungle_fence":1,"minecraft:smoker":4,"minecraft:potato":205,"minecraft:flint":1,"paraglider:goddess_statue":2,"minecraft:dirt":34,"minecraft:stonecutter":1,"minecraft:wheat_seeds":84,"minecraft:candle":10,"minecraft:gold_nugget":4,"cannibal:fresh_flesh":7,"minecraft:spruce_planks":26,"minecraft:grindstone":2,"minecraft:oak_boat":1,"minecraft:melon_slice":4,"minecraft:sugar_cane":8,"minecraft:chest":2,"minecraft:book":66,"minecraft:stick":13,"minecraft:cooked_porkchop":35,"minecraft:oak_door":2,"luckys_armory:bone_armor_leggings":1,"minecraft:torch":9,"minecraft:acacia_log":6,"minecraft:green_bed":4,"minecraft:spruce_stairs":3,"minecraft:poisonous_potato":3,"minecraft:gravel":12,"dynamictrees:acacia_seed":5,"minecraft:blast_furnace":4,"minecraft:white_bed":3,"minecraft:carrot":15,"minecraft:purple_candle":1,"butchersdelight:deadsheep":3,"minecraft:rotten_flesh":7,"minecraft:spruce_boat":1,"minecraft:tropical_fish":8,"minecraft:stone_axe":1,"samurai_dynasty:straw_hat":1,"luckys_armory:bone_armor_boots":1,"luckys_armory:bone_armor_chestplate":1,"minecraft:stripped_dark_oak_wood":3,"minecraft:baked_potato":118,"minecraft:bone_block":37,"minecraft:coal":14,"minecraft:skeleton_skull":2,"minecraft:white_wool":3,"minecraft:cobblestone":20},"minecraft:crafted":{"minecraft:cooked_beef":2,"minecraft:crafting_table":1,"minecraft:wooden_pickaxe":1,"minecraft:bone_meal":225,"minecraft:stone_axe":1,"minecraft:bread":9,"minecraft:air":0,"minecraft:flint_and_steel":1,"minecraft:iron_axe":1,"minecraft:stick":12,"minecraft:stone_pickaxe":1,"minecraft:white_bed":1,"minecraft:torch":52,"minecraft:acacia_planks":24,"minecraft:dark_oak_planks":12,"minecraft:stone_hoe":1},"minecraft:mined":{"minecraft:spruce_planks":3,"minecraft:white_bed":3,"minecraft:hanging_roots":1,"minecraft:candle":4,"minecraft:smoker":4,"minecraft:jungle_leaves":2,"minecraft:purple_candle":1,"minecraft:glow_lichen":14,"minecraft:crafting_table":5,"minecraft:torch":4,"minecraft:blast_furnace":4,"dynamictrees:acacia_leaves":4,"minecraft:grass_block":14,"minecraft:chest":2,"minecraft:campfire":35,"minecraft:tall_grass":5,"minecraft:cobblestone":12,"minecraft:grindstone":2,"minecraft:sugar_cane":3,"minecraft:wall_torch":5,"minecraft:skeleton_skull":2,"minecraft:spruce_stairs":3,"minecraft:carrots":4,"minecraft:fire":1,"minecraft:wheat":30,"minecraft:jungle_fence":1,"minecraft:anvil":1,"minecraft:stripped_dark_oak_wood":3,"minecraft:grass":42,"minecraft:bookshelf":22,"minecraft:potatoes":57,"iceandfire:gold_pile":1,"minecraft:gravel":13,"minecraft:dirt":20,"minecraft:stone":8,"minecraft:stonecutter":1,"minecraft:bone_block":37,"paraglider:goddess_statue":2,"minecraft:green_bed":4},"minecraft:custom":{"minecraft:interact_with_furnace":1,"minecraft:mob_kills":14,"minecraft:interact_with_crafting_table":22,"minecraft:open_barrel":14,"minecraft:interact_with_campfire":118,"minecraft:interact_with_stonecutter":2,"minecraft:leave_game":8,"minecraft:time_since_death":0,"minecraft:sleep_in_bed":10,"minecraft:climb_one_cm":1324,"minecraft:time_since_rest":2176,"minecraft:waystone_activated":1,"minecraft:sprint_one_cm":235478,"minecraft:damage_taken":2821,"minecraft:walk_one_cm":409788,"minecraft:drop":13,"minecraft:damage_dealt":1048,"minecraft:swim_one_cm":20353,"minecraft:fly_one_cm":216390,"minecraft:open_chest":27,"minecraft:crouch_one_cm":5758,"minecraft:play_time":154423,"minecraft:sneak_time":3890,"minecraft:deaths":4,"minecraft:walk_under_water_one_cm":33805,"minecraft:boat_one_cm":212454,"minecraft:jump":1488,"minecraft:walk_on_water_one_cm":26370,"minecraft:total_world_time":154423,"minecraft:fall_one_cm":33157}},"DataVersion":3465}