{"stats":{"minecraft:used":{"minecraft:cooked_mutton":1,"mowziesmobs:umvuthana_mask_misery":1,"cannibal:stone_saw":4,"minecraft:chest":1,"minecraft:wooden_pickaxe":10,"minecraft:shield":2,"minecraft:rotten_flesh":3,"minecraft:cracked_stone_bricks":2,"minecraft:salmon":1,"minecraft:dirt":9,"minecraft:crafting_table":4,"simplyswords:diamond_claymore":14,"minecraft:black_bed":3,"minecraft:wooden_axe":4,"minecraft:melon_slice":15,"cannibal:bone_sword":29,"minecraft:stone_bricks":1,"minecraft:stone_axe":21,"minecraft:cobblestone":1,"cannibal:fresh_flesh":7,"minecraft:purple_bed":5,"cannibal:bone_trap":1,"minecraft:acacia_wood":1,"minecraft:egg":3,"minecraft:coarse_dirt":3,"minecraft:cobweb":4},"minecraft:killed_by":{"mowziesmobs:umvuthana_follower_raptor":1},"minecraft:crafted":{"minecraft:oak_planks":32,"sophisticatedbackpacks:backpack":1,"minecraft:iron_nugget":9,"minecraft:crafting_table":2,"minecraft:wooden_pickaxe":1,"butchersdelight:cleaver":1,"minecraft:cooked_mutton":1,"minecraft:jungle_planks":4,"minecraft:shield":1,"minecraft:chest":1,"cannibal:bone_sword":2,"simplyswords:diamond_claymore":1,"upgrade_aquatic:driftwood_planks":48},"minecraft:custom":{"minecraft:interact_with_furnace":4,"minecraft:mob_kills":16,"minecraft:interact_with_crafting_table":7,"minecraft:open_barrel":10,"minecraft:damage_dealt_resisted":38,"minecraft:leave_game":3,"minecraft:time_since_death":14617,"minecraft:sleep_in_bed":2,"minecraft:climb_one_cm":1964,"minecraft:time_since_rest":11051,"minecraft:waystone_activated":1,"minecraft:sprint_one_cm":334500,"minecraft:damage_taken":5301,"minecraft:walk_one_cm":113168,"minecraft:damage_blocked_by_shield":105,"minecraft:drop":7,"minecraft:damage_dealt":2880,"minecraft:swim_one_cm":12556,"minecraft:fly_one_cm":409172,"minecraft:open_chest":10,"minecraft:crouch_one_cm":3225,"minecraft:play_time":63298,"minecraft:sneak_time":1199,"minecraft:deaths":16,"minecraft:walk_under_water_one_cm":4268,"minecraft:jump":1571,"minecraft:walk_on_water_one_cm":2138,"minecraft:total_world_time":63298,"minecraft:interact_with_smoker":2,"minecraft:fall_one_cm":43240},"minecraft:killed":{"cannibal:cannibal":3,"minecraft:salmon":1,"minecraft:spider":1,"mowziesmobs:umvuthana_follower_raptor":5,"minecraft:sheep":1,"samurai_dynasty:tanuki":1,"mowziesmobs:umvuthana_raptor":1},"minecraft:dropped":{"minecraft:porkchop":2,"minecraft:wheat_seeds":2,"iceandfire:ghost_chest":1,"minecraft:mutton":2},"minecraft:mined":{"minecraft:glass_pane":1,"upgrade_aquatic:tall_beachgrass":1,"minecraft:crafting_table":3,"minecraft:grass_block":5,"realmrpg_skeletons:basic_skeleton":1,"minecraft:melon":1,"iceandfire:ghost_chest":1,"minecraft:chest":1,"minecraft:tall_grass":3,"minecraft:purple_bed":5,"minecraft:coarse_dirt":3,"minecraft:acacia_wood":2,"minecraft:black_bed":4,"realmrpg_skeletons:devastated_skeleton":1,"minecraft:grass":6,"minecraft:coal_ore":1,"minecraft:dirt":5,"cannibal:bone_trap":1,"upgrade_aquatic:beachgrass":1,"minecraft:cobweb":4,"minecraft:cracked_stone_bricks":2,"upgrade_aquatic:driftwood_log":12,"minecraft:stone_bricks":2,"minecraft:stone":3,"dynamictrees:jungle_leaves":1,"minecraft:fern":3},"minecraft:picked_up":{"minecraft:wooden_axe":1,"iceandfire:dragon_skull_lightning":1,"mowziesmobs:umvuthana_mask_fury":1,"minecraft:crafting_table":3,"minecraft:coarse_dirt":3,"minecraft:feather":13,"minecraft:chicken":2,"cannibal:bone_sword":2,"minecraft:salmon":1,"minecraft:jungle_log":2,"minecraft:black_bed":5,"minecraft:acacia_wood":1,"butchersdelight:deadpig":2,"minecraft:oak_log":8,"iceandfire:ectoplasm":6,"minecraft:string":5,"minecraft:dirt":9,"butchersdelight:deadchiken":1,"minecraft:bone":9,"cannibal:bone_trap":1,"minecraft:stone_bricks":1,"minecraft:cracked_stone_bricks":2,"minecraft:wheat_seeds":5,"cannibal:fresh_flesh":4,"minecraft:iron_ingot":3,"minecraft:cobweb":4,"dynamictrees:oak_seed":5,"minecraft:melon_slice":15,"minecraft:chest":1,"mowziesmobs:umvuthana_mask_misery":1,"minecraft:egg":3,"minecraft:stick":25,"iceandfire:dragonbone":7,"iceandfire:ghost_chest":2,"minecraft:porkchop":2,"butchersdelight:sheephide":4,"minecraft:arrow":2,"butchersdelight:deadsheep":4,"minecraft:purple_bed":5,"minecraft:rotten_flesh":7,"minecraft:stone_axe":1,"upgrade_aquatic:driftwood_log":12,"mowziesmobs:umvuthana_mask_bliss":3,"minecraft:bone_meal":4,"minecraft:golden_apple":1,"minecraft:gold_ingot":4,"minecraft:black_wool":2,"minecraft:mutton":4,"minecraft:coal":1,"minecraft:white_wool":2,"minecraft:cobblestone":1}},"DataVersion":3465}