{"stats":{"minecraft:dropped":{"butchersdelight:deadchiken":1,"minecraft:wheat_seeds":3,"minecraft:cooked_beef":1,"luckys_armory:bone_armor_boots":2,"minecraft:rotten_flesh":2,"luckys_armory:bone_armor_leggings":2,"samurai_dynasty:straw_hat":3,"minecraft:jungle_planks":7,"cannibal:bone_trap":2,"minecraft:stick":19,"luckys_armory:bone_armor_chestplate":1,"minecraft:dirt":1,"minecraft:spruce_planks":23,"iceandfire:crackled_cobblestone":3,"minecraft:oak_boat":1,"cannibal:bone_sword":1,"minecraft:sand":1,"minecraft:string":1},"minecraft:killed":{"minecraft:sheep":5,"samurai_dynasty:kawauso":2,"friendsandfoes:mauler":1,"samurai_dynasty:tanuki":1},"minecraft:used":{"minecraft:cooked_mutton":1,"minecraft:stone_sword":70,"minecraft:iron_shovel":16,"minecraft:stone_pickaxe":150,"cannibal:stone_saw":11,"minecraft:wooden_pickaxe":14,"minecraft:wooden_shovel":20,"minecraft:green_bed":2,"minecraft:cooked_chicken":1,"minecraft:jungle_boat":1,"minecraft:oak_door":1,"minecraft:torch":14,"minecraft:dirt":5,"minecraft:sand":1,"minecraft:crafting_table":8,"minecraft:white_bed":2,"samurai_dynasty:straw_hat":1,"minecraft:spruce_boat":2,"minecraft:wooden_axe":32,"minecraft:iron_pickaxe":137,"minecraft:bread":16,"minecraft:stone_axe":16,"minecraft:golden_sword":1,"minecraft:cobblestone":141,"minecraft:furnace":2,"minecraft:cooked_porkchop":10,"minecraft:oak_boat":1,"minecraft:cooked_beef":3},"minecraft:broken":{"minecraft:stone_pickaxe":1,"minecraft:wooden_axe":1},"minecraft:picked_up":{"minecraft:crafting_table":1,"minecraft:feather":11,"minecraft:chicken":6,"minecraft:jungle_log":4,"cannibal:bone_sword":2,"butchersdelight:deadpig":20,"minecraft:oak_log":21,"minecraft:shield":1,"minecraft:golden_sword":1,"minecraft:dirt":57,"minecraft:string":16,"minecraft:raw_copper":26,"butchersdelight:deadchiken":7,"butchersdelight:cleaver":1,"butchersdelight:dead_cow":3,"cannibal:bone_trap":2,"minecraft:wheat_seeds":3,"cannibal:fresh_flesh":2,"minecraft:beef":14,"minecraft:oak_boat":1,"dynamictrees:oak_seed":17,"minecraft:iron_pickaxe":1,"iceandfire:crackled_cobblestone":3,"minecraft:raw_iron":2,"minecraft:stick":40,"minecraft:cooked_porkchop":1,"luckys_armory:bone_armor_leggings":4,"minecraft:torch":1,"minecraft:green_bed":2,"butchersdelight:cow_hide":7,"minecraft:porkchop":34,"minecraft:sand":2,"minecraft:jungle_planks":4,"cannibal:stone_saw":1,"minecraft:spruce_log":10,"butchersdelight:sheephide":10,"butchersdelight:deadsheep":5,"minecraft:rotten_flesh":2,"minecraft:spruce_boat":1,"luckys_armory:bone_armor_helmet":1,"samurai_dynasty:straw_hat":4,"luckys_armory:bone_armor_boots":2,"luckys_armory:bone_armor_chestplate":2,"minecraft:mutton":9,"minecraft:coal":40,"minecraft:skeleton_skull":1,"minecraft:white_wool":5,"minecraft:cobblestone":296},"minecraft:crafted":{"minecraft:cooked_beef":4,"minecraft:oak_door":3,"minecraft:oak_planks":84,"minecraft:wooden_shovel":1,"sophisticatedbackpacks:backpack":1,"minecraft:cooked_porkchop":16,"minecraft:crafting_table":7,"minecraft:spruce_planks":40,"minecraft:jungle_boat":1,"minecraft:cooked_chicken":1,"minecraft:wooden_pickaxe":1,"minecraft:furnace":2,"minecraft:stone_axe":1,"minecraft:cooked_mutton":1,"minecraft:air":0,"minecraft:jungle_planks":16,"minecraft:oak_boat":2,"minecraft:white_wool":1,"minecraft:stone_pickaxe":2,"minecraft:wooden_axe":1,"minecraft:stone_sword":1,"minecraft:chest":1,"minecraft:white_bed":2,"minecraft:spruce_boat":1,"minecraft:torch":32},"minecraft:mined":{"minecraft:crafting_table":1,"minecraft:glow_lichen":1,"minecraft:grass_block":19,"minecraft:jungle_log":4,"minecraft:copper_ore":8,"minecraft:tall_grass":2,"minecraft:cobblestone":8,"minecraft:sugar_cane":1,"butchersdelight:deadpigblock":3,"butchersdelight:deadchickenblock":1,"iceandfire:crackled_cobblestone":3,"dynamictrees:oak_leaves":1,"dynamictrees:oak_undergrowth_leaves":1,"iceandfire:crackled_grass":5,"minecraft:iron_ore":2,"rocks:oak_stick":1,"minecraft:spruce_log":10,"iceandfire:crackled_dirt":7,"minecraft:grass":40,"minecraft:coal_ore":40,"minecraft:dirt_path":1,"minecraft:sand":2,"minecraft:dirt":36,"minecraft:cobweb":16,"minecraft:stone":237,"minecraft:green_bed":2},"minecraft:custom":{"minecraft:interact_with_furnace":23,"minecraft:mob_kills":10,"minecraft:interact_with_crafting_table":36,"minecraft:open_barrel":2,"minecraft:leave_game":6,"minecraft:time_since_death":177761,"minecraft:sleep_in_bed":6,"minecraft:climb_one_cm":874,"minecraft:time_since_rest":25120,"minecraft:waystone_activated":3,"minecraft:sprint_one_cm":429244,"minecraft:damage_taken":1219,"minecraft:walk_one_cm":445660,"minecraft:drop":23,"minecraft:damage_dealt":4217,"minecraft:swim_one_cm":14966,"minecraft:fly_one_cm":527163,"minecraft:open_chest":49,"minecraft:crouch_one_cm":1465,"minecraft:play_time":177761,"minecraft:sneak_time":405,"minecraft:walk_under_water_one_cm":5829,"minecraft:boat_one_cm":545860,"minecraft:jump":2475,"minecraft:walk_on_water_one_cm":8501,"minecraft:total_world_time":177761,"minecraft:interact_with_smoker":3,"minecraft:fall_one_cm":52599}},"DataVersion":3465}