{"stats":{"minecraft:used":{"minecraft:black_bed":1},"minecraft:custom":{"minecraft:jump":64,"minecraft:open_chest":3,"minecraft:time_since_rest":2160,"minecraft:crouch_one_cm":101,"minecraft:leave_game":1,"minecraft:sprint_one_cm":14898,"minecraft:play_time":2160,"minecraft:damage_taken":85,"minecraft:time_since_death":2160,"minecraft:walk_one_cm":1824,"minecraft:sneak_time":58,"minecraft:total_world_time":2160,"minecraft:fall_one_cm":2333,"minecraft:fly_one_cm":14993},"minecraft:picked_up":{"minecraft:black_bed":1},"minecraft:mined":{"minecraft:black_bed":1}},"DataVersion":3465}