{"stats":{"minecraft:crafted":{"minecraft:oak_planks":36,"minecraft:cooked_chicken":4,"minecraft:lightning_rod":2,"minecraft:cooked_mutton":11,"iceandfire:armor_silver_metal_chestplate":1,"minecraft:bow":1,"minecraft:iron_boots":1,"minecraft:chest":1,"minecraft:copper_block":2,"minecraft:stone_hoe":1,"minecraft:wooden_shovel":1,"minecraft:arrow":28,"minecraft:cooked_porkchop":10,"minecraft:crafting_table":1,"minecraft:wooden_pickaxe":3,"minecraft:baked_potato":28,"minecraft:iron_helmet":1,"minecraft:copper_ingot":26,"butchersdelight:cleaver":1,"minecraft:paper":69,"minecraft:shield":1,"minecraft:stick":92,"minecraft:iron_pickaxe":1,"minecraft:iron_ingot":12,"minecraft:stone_sword":2,"minecraft:gold_ingot":8,"minecraft:sandstone":12,"minecraft:shears":1,"minecraft:oak_door":3,"samurai_dynasty:silver_ingot":13,"minecraft:furnace":2,"minecraft:oak_trapdoor":6,"minecraft:iron_axe":1,"minecraft:stone_pickaxe":2,"minecraft:dark_oak_planks":8,"minecraft:cooked_beef":16,"minecraft:cooked_cod":5,"minecraft:crossbow":1,"iceandfire:silver_ingot":1,"minecraft:iron_sword":3,"minecraft:cooked_salmon":12,"minecraft:stone_axe":7,"minecraft:bread":32,"minecraft:cobblestone":3,"minecraft:wooden_axe":1,"minecraft:white_bed":3,"minecraft:acacia_planks":28,"minecraft:torch":188},"minecraft:custom":{"minecraft:interact_with_crafting_table":64,"minecraft:open_barrel":240,"minecraft:bell_ring":1,"minecraft:leave_game":2,"minecraft:time_since_death":13470,"minecraft:sprint_one_cm":1615494,"minecraft:damage_blocked_by_shield":765,"minecraft:drop":42,"minecraft:talked_to_villager":2,"minecraft:play_time":424017,"minecraft:deaths":82,"minecraft:jump":5314,"minecraft:walk_on_water_one_cm":63453,"minecraft:interact_with_furnace":38,"minecraft:sleep_in_bed":24,"minecraft:waystone_activated":2,"minecraft:damage_dealt":40261,"minecraft:player_kills":2,"minecraft:crouch_one_cm":5115,"minecraft:interact_with_smoker":59,"minecraft:mob_kills":176,"minecraft:damage_dealt_resisted":580,"minecraft:climb_one_cm":41728,"minecraft:walk_one_cm":1637856,"minecraft:sneak_time":2810,"minecraft:walk_under_water_one_cm":44364,"minecraft:boat_one_cm":220572,"minecraft:interact_with_blast_furnace":9,"minecraft:total_world_time":424017,"minecraft:time_since_rest":4380,"minecraft:damage_taken":31680,"minecraft:damage_absorbed":6,"minecraft:swim_one_cm":83606,"minecraft:fly_one_cm":740336,"minecraft:open_chest":97,"minecraft:fall_one_cm":92737},"minecraft:broken":{"minecraft:wooden_shovel":1,"immersive_armors:robe_leggings":1,"minecraft:stone_pickaxe":1,"minecraft:stone_axe":6,"cannibal:bone_mask":1,"minecraft:iron_sword":1,"iceandfire:armor_silver_metal_chestplate":1,"minecraft:stone_sword":4,"minecraft:wooden_pickaxe":1,"minecraft:iron_helmet":1},"minecraft:picked_up":{"irons_spellbooks:scroll":2,"minecraft:wheat":68,"minecraft:iron_trapdoor":1,"irons_spellbooks:rotten_spell_book":2,"minecraft:lead":2,"minecraft:wither_rose":2,"minecraft:string":25,"paraglider:goddess_statue":2,"cannibal:bone_mask":2,"minecraft:raw_copper":26,"upgrade_aquatic:river_sapling":1,"minecraft:cobbled_deepslate":16,"samurai_dynasty:raw_silver":7,"minecraft:calcite":3,"dynamictrees:oak_seed":6,"minecraft:melon_slice":42,"minecraft:furnace":1,"minecraft:stick":23,"minecraft:torch":34,"minecraft:acacia_log":7,"minecraft:porkchop":5,"rocks:sandstone_splitter":1,"minecraft:stone_sword":1,"minecraft:rotten_flesh":152,"minecraft:cyan_terracotta":1,"minecraft:carved_pumpkin":6,"undead_revamp2:arapholia":7,"minecraft:cobblestone":100,"minecraft:mossy_cobblestone_slab":1,"minecraft:feather":8,"minecraft:andesite":1,"minecraft:smoker":1,"minecraft:potato":12,"paraglider:spirit_orb":4,"butchersdelight:deadpig":1,"minecraft:dirt":28,"minecraft:bone":51,"minecraft:acacia_planks":2,"undead_revamp2:blacpetalblock":1,"minecraft:wheat_seeds":230,"minecraft:raw_gold":8,"minecraft:oak_planks":8,"friendsandfoes:totem_of_freezing":1,"minecraft:sand":66,"butchersdelight:cow_hide":2,"dynamictrees:acacia_seed":3,"sophisticatedbackpacks:iron_backpack":1,"minecraft:mossy_cobblestone":11,"minecraft:polished_andesite":1,"minecraft:white_candle":4,"minecraft:crossbow":3,"minecraft:spruce_sign":1,"minecraft:bread":11,"minecraft:emerald":4,"minecraft:dark_oak_fence":1,"rocks:cobblestone_splitter":12,"minecraft:crafting_table":6,"minecraft:charcoal":6,"undead_revamp2:bostroxingot":1,"minecraft:coarse_dirt":8,"minecraft:chicken":4,"minecraft:stone_stairs":2,"minecraft:iron_axe":2,"minecraft:cyan_carpet":2,"butchersdelight:dead_cow":1,"graveyard:corruption":1,"cannibal:fresh_flesh":1,"minecraft:beef":2,"minecraft:oak_boat":3,"minecraft:iron_nugget":9,"irons_spellbooks:emerald_stoneplate_ring":2,"minecraft:sugar_cane":102,"samurai_dynasty:aquamarine":1,"minecraft:egg":5,"minecraft:raw_iron":3,"minecraft:sandstone":1,"minecraft:stripped_mangrove_wood":3,"minecraft:oak_door":1,"sophisticatedbackpacks:crafting_upgrade":1,"minecraft:carrot":14,"minecraft:mangrove_trapdoor":1,"minecraft:dark_oak_planks":2,"butchersdelight:deadsheep":4,"minecraft:arrow":38,"minecraft:stripped_dark_oak_wood":4,"minecraft:saddle":2,"undead_revamp2:wincallerfan":1,"minecraft:mutton":8,"minecraft:skeleton_skull":2,"minecraft:white_wool":6,"minecraft:tripwire_hook":2,"minecraft:salmon":1,"minecraft:birch_planks":12,"minecraft:oak_log":9,"minecraft:gunpowder":2,"minecraft:white_banner":2,"butchersdelight:deadchiken":7,"minecraft:cooked_mutton":2,"dynamictrees:birch_seed":2,"minecraft:glass_bottle":1,"minecraft:iron_sword":2,"minecraft:polished_andesite_stairs":1,"minecraft:pumpkin":10,"minecraft:white_bed":2,"minecraft:spider_eye":2,"butchersdelight:sheephide":5,"minecraft:pumpkin_seeds":24,"minecraft:slime_ball":6,"minecraft:coal":89},"minecraft:used":{"minecraft:iron_shovel":21,"minecraft:chest":1,"minecraft:shield":19,"minecraft:iron_sword":263,"minecraft:rotten_flesh":120,"paraglider:goddess_statue":1,"minecraft:carrot":12,"minecraft:cyan_terracotta":1,"minecraft:stripped_dark_oak_wood":2,"minecraft:mossy_cobblestone_slab":1,"minecraft:bow":6,"minecraft:furnace":3,"minecraft:skeleton_skull":1,"minecraft:egg":5,"minecraft:potato":15,"minecraft:stone_pickaxe":238,"minecraft:oak_planks":4,"minecraft:wooden_pickaxe":59,"minecraft:sandstone":13,"minecraft:sugar_cane":42,"minecraft:sand":2,"minecraft:crossbow":4,"minecraft:shears":6,"minecraft:pumpkin_seeds":4,"minecraft:lightning_rod":1,"upgrade_aquatic:river_sapling":1,"minecraft:bread":37,"minecraft:melon_slice":31,"minecraft:cyan_carpet":1,"dynamictrees:acacia_seed":3,"minecraft:gravel":1,"minecraft:andesite":1,"minecraft:oak_boat":2,"minecraft:coarse_dirt":8,"minecraft:oak_trapdoor":6,"minecraft:stone_sword":417,"minecraft:carved_pumpkin":1,"dynamictrees:oak_seed":6,"minecraft:wooden_shovel":60,"minecraft:stone_hoe":247,"minecraft:cooked_chicken":1,"minecraft:oak_door":4,"minecraft:torch":146,"minecraft:dirt":20,"minecraft:dark_oak_planks":1,"minecraft:iron_axe":3,"undead_revamp2:arapholia":5,"minecraft:cobbled_deepslate":8,"minecraft:pumpkin":6,"minecraft:wheat_seeds":136,"minecraft:cooked_mutton":7,"minecraft:water_bucket":17,"minecraft:birch_planks":9,"minecraft:polished_andesite":1,"minecraft:baked_potato":9,"minecraft:copper_block":1,"minecraft:mossy_cobblestone":6,"minecraft:crafting_table":7,"minecraft:white_bed":5,"minecraft:smoker":1,"minecraft:apple":13,"minecraft:iron_pickaxe":28,"minecraft:stone_axe":457,"minecraft:cobblestone":3,"minecraft:potion":1,"minecraft:cooked_porkchop":8,"minecraft:bucket":17,"minecraft:pumpkin_pie":4},"minecraft:dropped":{"minecraft:cooked_porkchop":2,"samurai_dynasty:spirit_upgrade_smithing_template":1,"graveyard:corruption":1,"irons_spellbooks:rotten_spell_book":2,"irons_spellbooks:emerald_stoneplate_ring":2,"butchersdelight:cow_hide":1,"minecraft:bone":6,"minecraft:stone_axe":1,"minecraft:iron_nugget":1,"minecraft:rotten_flesh":29,"minecraft:cooked_mutton":2,"minecraft:iron_ingot":5,"minecraft:bread":22,"minecraft:cobblestone":4,"minecraft:stick":3,"irons_spellbooks:scroll":7,"undead_revamp2:wincallerfan":1,"minecraft:torch":56,"minecraft:wooden_axe":1,"minecraft:melon_slice":11,"minecraft:iron_leggings":1,"sophisticatedbackpacks:crafting_upgrade":1,"minecraft:string":1,"cannibal:fresh_flesh":1,"minecraft:oak_boat":1,"minecraft:wooden_pickaxe":2},"minecraft:killed":{"minecraft:witch":3,"minecraft:spider":4,"undead_revamp2:theswarmer":1,"minecraft:skeleton":23,"minecraft:bee":1,"realmrpg_demons:chort":2,"undead_revamp2:thespitter":1,"minecraft:creeper":1,"minecraft:sheep":5,"minecraft:pillager":3,"minecraft:zombie":76,"minecraft:vex":1,"irons_spellbooks:summoned_zombie":1,"minecraft:vindicator":9,"undead_revamp2:thebidy":2,"simplemusket:musket_pillager":6,"minecraft:husk":20,"undead_revamp2:the_moonflower":12,"minecraft:bat":1,"minecraft:ravager":1,"minecraft:player":6},"minecraft:mined":{"minecraft:dark_oak_planks":1,"minecraft:white_bed":2,"minecraft:farmland":1,"minecraft:carved_pumpkin":6,"minecraft:grass_block":6,"minecraft:spawner":2,"rocks:acacia_stick":2,"minecraft:iron_ore":1,"minecraft:cobbled_deepslate":1,"minecraft:fire":30,"rocks:oak_stick":3,"minecraft:pumpkin":10,"minecraft:stripped_dark_oak_wood":2,"minecraft:stripped_mangrove_wood":3,"dynamictrees:jungle_leaves":1,"minecraft:cyan_terracotta":3,"minecraft:smoker":1,"rocks:seashell":1,"minecraft:torch":12,"minecraft:calcite":3,"minecraft:melon":9,"minecraft:cobblestone":32,"minecraft:sugar_cane":55,"minecraft:oak_planks":3,"minecraft:wall_torch":17,"minecraft:stone_stairs":1,"realmrpg_skeletons:bow_skeleton":3,"samurai_dynasty:deepslate_silver_ore":7,"minecraft:wheat":82,"dynamictrees:birch_leaves":1,"minecraft:wither_rose":2,"minecraft:grass":352,"minecraft:oak_log":1,"minecraft:sand":67,"minecraft:dirt":15,"minecraft:deepslate":15,"minecraft:mossy_cobblestone":12,"samurai_dynasty:deepslate_aquamarine_ore":1,"minecraft:oak_door":1,"rocks:rock":12,"minecraft:sandstone":1,"minecraft:furnace":1,"minecraft:carrots":3,"dynamictrees:dark_oak_leaves":1,"dynamictrees:spruce_leaves":1,"minecraft:potatoes":3,"rocks:birch_stick":3,"minecraft:deepslate_iron_ore":2,"minecraft:vine":3,"realmrpg_skeletons:arrow_skeleton":1,"minecraft:stone":95,"minecraft:crafting_table":6,"minecraft:tall_grass":38,"minecraft:copper_ore":7,"minecraft:deepslate_gold_ore":7,"minecraft:birch_planks":11,"minecraft:coarse_dirt":6,"minecraft:coal_ore":87,"minecraft:cobweb":18,"rocks:sand_rock":1,"pots_and_mimics:treasure_pot":1,"minecraft:fern":1,"paraglider:goddess_statue":2},"minecraft:killed_by":{"simplemusket:musket_pillager":9,"undead_revamp2:the_moonflower":1,"minecraft:ravager":1,"minecraft:vindicator":4,"minecraft:vex":1,"minecraft:player":4}},"DataVersion":3465}