{"stats":{"minecraft:mined":{"minecraft:grass_block":2,"minecraft:grass":1},"minecraft:used":{"minecraft:dirt":2},"minecraft:picked_up":{"minecraft:bone":2,"minecraft:dirt":2},"minecraft:custom":{"minecraft:jump":153,"minecraft:time_since_rest":2681,"minecraft:crouch_one_cm":49,"minecraft:damage_dealt":30,"minecraft:damage_taken":735,"minecraft:leave_game":2,"minecraft:play_time":8365,"minecraft:interact_with_furnace":1,"minecraft:sprint_one_cm":32211,"minecraft:time_since_death":2653,"minecraft:walk_one_cm":6562,"minecraft:deaths":1,"minecraft:sneak_time":6,"minecraft:total_world_time":8365,"minecraft:fall_one_cm":8399,"minecraft:fly_one_cm":40283}},"DataVersion":3465}