{"stats":{"minecraft:broken":{"cannibal:bone_sword":1,"cannibal:bone_mask":1,"minecraft:stone_axe":3},"minecraft:killed_by":{"simplemusket:musket_pillager":7,"minecraft:pillager":1,"minecraft:vindicator":1},"minecraft:custom":{"minecraft:mob_kills":124,"minecraft:interact_with_crafting_table":30,"minecraft:open_barrel":12,"minecraft:bell_ring":1,"minecraft:damage_dealt_resisted":28,"minecraft:leave_game":5,"minecraft:time_since_death":15735,"minecraft:climb_one_cm":13473,"minecraft:sprint_one_cm":1391108,"minecraft:walk_one_cm":880131,"minecraft:damage_blocked_by_shield":945,"minecraft:drop":99,"minecraft:play_time":300023,"minecraft:deaths":41,"minecraft:sneak_time":7072,"minecraft:walk_under_water_one_cm":15615,"minecraft:jump":4308,"minecraft:interact_with_blast_furnace":4,"minecraft:walk_on_water_one_cm":32508,"minecraft:total_world_time":300023,"minecraft:interact_with_furnace":3,"minecraft:sleep_in_bed":12,"minecraft:time_since_rest":15765,"minecraft:waystone_activated":1,"minecraft:damage_taken":19238,"minecraft:damage_absorbed":70,"minecraft:trigger_trapped_chest":1,"minecraft:damage_dealt":11711,"minecraft:swim_one_cm":61447,"minecraft:fly_one_cm":1072134,"minecraft:player_kills":1,"minecraft:open_chest":245,"minecraft:crouch_one_cm":17116,"minecraft:interact_with_smoker":14,"minecraft:fall_one_cm":96495},"minecraft:used":{"upgrade_aquatic:river_planks":8,"minecraft:polished_deepslate":1,"minecraft:tropical_fish":3,"minecraft:chest":1,"minecraft:shield":24,"minecraft:rotten_flesh":6,"minecraft:torch":227,"minecraft:dirt":11,"minecraft:carrot":26,"minecraft:wooden_axe":2,"minecraft:stone_bricks":2,"minecraft:furnace":1,"minecraft:cooked_beef":8,"minecraft:potato":10,"minecraft:calcite":2,"minecraft:cooked_mutton":12,"minecraft:mossy_stone_bricks":2,"minecraft:diorite":1,"undead_revamp2:wincallerfan":2,"minecraft:birch_planks":187,"minecraft:stone_pickaxe":53,"minecraft:spruce_sign":1,"minecraft:crafting_table":8,"minecraft:smoker":2,"minecraft:diamond_pickaxe":48,"minecraft:apple":24,"minecraft:bread":110,"minecraft:brown_wool":2,"minecraft:iron_pickaxe":111,"cannibal:bone_sword":32,"minecraft:stone_axe":257,"minecraft:cobblestone":16,"minecraft:potion":9,"minecraft:purple_bed":4},"minecraft:killed":{"minecraft:cave_spider":12,"minecraft:spider":3,"undead_revamp2:thesmoker":1,"minecraft:slime":6,"minecraft:skeleton":28,"minecraft:silverfish":1,"simplemusket:musket_pillager":1,"undead_revamp2:crackleball":5,"friendsandfoes:iceologer":1,"minecraft:husk":24,"graveyard:ghoul":2,"undead_revamp2:the_moonflower":5,"minecraft:creeper":4,"minecraft:sheep":5,"mowziesmobs:lantern":1,"minecraft:pillager":3,"undead_revamp2:slaveman":1,"minecraft:zombie":4,"iceandfire:ghost":1,"minecraft:stray":8,"minecraft:player":1},"minecraft:dropped":{"minecraft:enchanted_book":5,"minecraft:iron_ingot":3,"minecraft:iron_sword":3,"irons_spellbooks:divine_pearl":2,"minecraft:porkchop":3,"minecraft:birch_planks":71,"minecraft:lapis_lazuli":7,"dynamictrees:birch_seed":14,"minecraft:ender_pearl":4,"minecraft:glass_bottle":5,"minecraft:diamond_leggings":1,"minecraft:iron_helmet":2,"minecraft:cobblestone":12,"minecraft:apple":71,"minecraft:jungle_planks":3,"minecraft:chainmail_helmet":1,"minecraft:golden_apple":3,"paraglider:spirit_orb":37,"minecraft:item_frame":2,"irons_spellbooks:scroll":3,"minecraft:dirt":5,"undead_revamp2:wincallerfan":2,"minecraft:torch":30,"minecraft:wooden_axe":1,"minecraft:potion":1,"minecraft:iron_leggings":1,"minecraft:wither_rose":1,"cannibal:bone_sword":3,"undead_revamp2:blacpetalblock":1,"minecraft:white_wool":3,"dynamictrees:acacia_seed":10,"minecraft:cyan_carpet":1,"minecraft:gold_ingot":27,"minecraft:bone":2,"minecraft:stone_axe":2,"minecraft:player_head":1,"minecraft:iron_nugget":8,"minecraft:wild_armor_trim_smithing_template":2,"butchersdelight:cleaver":1,"minecraft:rotten_flesh":47,"minecraft:oak_planks":1,"minecraft:glowstone_dust":1,"minecraft:stone_stairs":1,"minecraft:carrot":1,"undead_revamp2:bostroxingot":4,"minecraft:diamond_sword":1,"immersive_armors:divine_chestplate":2,"minecraft:tipped_arrow":1,"minecraft:shield":1,"minecraft:gunpowder":1,"minecraft:iron_chestplate":1,"minecraft:mossy_stone_bricks":4,"minecraft:purple_bed":1,"minecraft:blue_ice":1,"minecraft:leather_boots":1,"minecraft:golden_leggings":2,"minecraft:spider_eye":1,"minecraft:slime_ball":5,"minecraft:arrow":1,"minecraft:bow":1,"minecraft:calcite":1,"exposure:aged_photograph":1},"minecraft:crafted":{"minecraft:iron_nugget":9,"minecraft:furnace":1,"minecraft:cooked_mutton":15,"minecraft:iron_boots":1,"minecraft:chest":2,"sophisticatedbackpacks:iron_backpack":1,"minecraft:cooked_beef":12,"sophisticatedbackpacks:backpack":1,"minecraft:crafting_table":4,"upgrade_aquatic:river_planks":12,"minecraft:birch_planks":200,"butchersdelight:cleaver":1,"minecraft:stone_axe":4,"minecraft:air":0,"minecraft:jungle_planks":12,"minecraft:iron_chestplate":1,"minecraft:shield":1,"minecraft:iron_pickaxe":1,"minecraft:stick":8,"minecraft:wooden_axe":1,"minecraft:torch":144},"minecraft:picked_up":{"irons_spellbooks:scroll":2,"undead_revamp2:bostroxingot":6,"minecraft:crafting_table":4,"minecraft:iron_chestplate":1,"minecraft:wheat":2,"minecraft:potion":1,"minecraft:enchanted_book":5,"mowziesmobs:glowing_jelly":2,"minecraft:wither_rose":1,"minecraft:stone_brick_stairs":4,"minecraft:shield":2,"minecraft:polished_deepslate":1,"cannibal:bone_mask":1,"minecraft:string":17,"minecraft:stone_stairs":1,"minecraft:iron_leggings":1,"minecraft:item_frame":2,"butchersdelight:cleaver":1,"minecraft:cyan_carpet":1,"butchersdelight:dead_cow":2,"immersive_armors:divine_chestplate":2,"minecraft:cracked_stone_bricks":2,"upgrade_aquatic:river_log":3,"minecraft:calcite":4,"minecraft:player_head":1,"minecraft:tipped_arrow":8,"minecraft:stick":66,"minecraft:raw_iron":12,"minecraft:torch":68,"minecraft:spruce_fence":2,"minecraft:porkchop":3,"minecraft:diorite":1,"minecraft:redstone":5,"minecraft:golden_chestplate":1,"minecraft:quartz_block":29,"minecraft:rotten_flesh":97,"minecraft:arrow":21,"butchersdelight:deadsheep":8,"minecraft:tropical_fish":3,"minecraft:gold_ingot":35,"undead_revamp2:wincallerfan":3,"minecraft:obsidian":15,"minecraft:iron_bars":13,"minecraft:white_wool":7,"minecraft:cobblestone":62,"minecraft:birch_log":50,"minecraft:magma_block":5,"cannibal:bone_sword":3,"minecraft:jungle_log":3,"minecraft:golden_leggings":2,"minecraft:smoker":2,"minecraft:potato":1,"minecraft:birch_planks":78,"exposure:aged_photograph":1,"paraglider:spirit_orb":90,"minecraft:gunpowder":5,"minecraft:lapis_lazuli":7,"minecraft:dirt":16,"minecraft:leather_boots":1,"minecraft:cooked_mutton":1,"minecraft:bone":25,"minecraft:apple":12,"minecraft:stone_bricks":4,"minecraft:bow":1,"minecraft:wild_armor_trim_smithing_template":2,"minecraft:iron_ingot":5,"dynamictrees:birch_seed":14,"minecraft:mossy_stone_bricks":11,"minecraft:glass_bottle":2,"minecraft:glowstone_dust":1,"minecraft:iron_sword":3,"minecraft:mossy_stone_brick_stairs":1,"minecraft:oak_planks":2,"friendsandfoes:totem_of_freezing":1,"irons_spellbooks:frozen_bone":12,"minecraft:birch_stairs":4,"dynamictrees:acacia_seed":5,"minecraft:spider_eye":7,"minecraft:mossy_cobblestone":4,"butchersdelight:sheephide":4,"minecraft:purple_bed":5,"minecraft:slime_ball":10,"minecraft:stone_axe":2,"irons_spellbooks:divine_pearl":2,"minecraft:iron_helmet":4,"minecraft:blue_ice":1,"minecraft:golden_apple":4,"minecraft:chainmail_helmet":1,"minecraft:spruce_sign":1,"minecraft:emerald":1,"iceandfire:raw_silver":7,"minecraft:ender_pearl":4},"minecraft:mined":{"minecraft:dark_oak_planks":1,"iceandfire:silver_ore":8,"minecraft:mossy_cobblestone":3,"upgrade_aquatic:river_log":3,"minecraft:dark_oak_log":1,"minecraft:nether_bricks":1,"minecraft:obsidian":15,"butchersdelight:deadsheepblock":1,"minecraft:glow_lichen":1,"minecraft:dark_oak_fence":1,"minecraft:grass_block":7,"minecraft:spruce_fence":2,"minecraft:jungle_log":4,"minecraft:mangrove_trapdoor":1,"minecraft:spawner":25,"minecraft:redstone_ore":1,"minecraft:mossy_cobblestone_stairs":1,"minecraft:iron_ore":12,"minecraft:stripped_dark_oak_wood":4,"minecraft:nether_brick_stairs":1,"minecraft:mossy_stone_brick_stairs":1,"minecraft:polished_deepslate":1,"rocks:birch_stick":1,"minecraft:vine":16,"minecraft:iron_bars":13,"minecraft:stone":44,"minecraft:player_head":1,"minecraft:quartz_block":23,"minecraft:smoker":2,"minecraft:crafting_table":4,"minecraft:torch":6,"minecraft:calcite":3,"minecraft:polished_andesite_stairs":1,"minecraft:campfire":3,"minecraft:cobblestone":12,"minecraft:oak_planks":1,"minecraft:diorite":2,"minecraft:wall_torch":5,"upgrade_aquatic:river_leaves":1,"minecraft:stone_stairs":1,"minecraft:birch_planks":14,"minecraft:purple_bed":4,"minecraft:stone_brick_stairs":4,"minecraft:yellow_stained_glass_pane":4,"minecraft:grass":1,"minecraft:gravel":1,"minecraft:dirt":11,"minecraft:cracked_stone_bricks":1,"minecraft:stone_bricks":4,"minecraft:mossy_stone_bricks":8,"minecraft:iron_trapdoor":1,"minecraft:deepslate":1}},"DataVersion":3465}