{
  "__COMMENT1": "To apply this configuration to all newly generated worlds",
  "__COMMENT2": "please place this configuration file into your config directory",
  "__COMMENT3": "with the following name: cpm-server-default.json",
  "skins": {},
  "player_scaling": {
    "767751cf-dca8-3f80-8650-cacc0d1b34bb": {},
    "1c99e4a7-d288-3c55-8163-01b54136c5a0": {},
    "f2d1dc0a-d2ab-30e0-9fb5-3b568d069407": {
      "motion": 1.0,
      "stepHeight": 1.0,
      "flight": 1.0,
      "reach": 1.0,
      "asp": 1.0,
      "akb": 1.0,
      "attack": 1.0,
      "defense": 1.0,
      "health": 1.0,
      "mob_vis": 1.0,
      "kbr": 1.0
    },
    "93638fde-5d3f-3f89-a886-3c8230617fcf": {},
    "38302cdf-91c4-3edd-a079-cb50061aa3b3": {},
    "2fa87551-0909-3700-9715-f70b332be3ec": {
      "motion": 1.0,
      "stepHeight": 1.0,
      "flight": 1.0,
      "reach": 1.0,
      "asp": 1.0,
      "akb": 1.0,
      "attack": 1.0,
      "defense": 1.0,
      "health": 1.0,
      "mob_vis": 1.0,
      "kbr": 1.0
    },
    "31648e74-4bf2-39c7-ba73-7c736df12eb7": {
      "motion": 1.0,
      "stepHeight": 1.0,
      "flight": 1.0,
      "reach": 1.0,
      "asp": 1.0,
      "akb": 1.0,
      "attack": 1.0,
      "defense": 1.0,
      "health": 1.0,
      "mob_vis": 1.0,
      "kbr": 1.0
    },
    "fc82a1d7-fcaf-3bb8-ae34-4351e57d8a4c": {
      "motion": 1.0,
      "stepHeight": 1.0,
      "flight": 1.0,
      "reach": 1.0,
      "asp": 1.0,
      "akb": 1.0,
      "attack": 1.0,
      "defense": 1.0,
      "health": 1.0,
      "mob_vis": 1.0,
      "kbr": 1.0
    },
    "a54c1316-ff9d-349d-ba72-264a5925182f": {},
    "fa18757e-b2cf-48cd-a69c-cc676b20700f": {
      "motion": 1.0,
      "stepHeight": 1.0,
      "flight": 1.0,
      "reach": 1.0,
      "asp": 1.0,
      "akb": 1.0,
      "attack": 1.0,
      "defense": 1.0,
      "health": 1.0,
      "mob_vis": 1.0,
      "kbr": 1.0
    }
  },
  "player_scaling_settings": {},
  "scaling_settings": {
    "motion": {},
    "mob_visibility": {},
    "defense": {},
    "attack_knockback": {},
    "flight_speed": {},
    "step_height": {},
    "knockback_resist": {},
    "reach": {},
    "health": {},
    "attack_speed": {},
    "attack_dmg": {}
  }
}